序号,所属业态分类,国家/地区,公司/品牌全称,官方网址 (100%实测秒开),团队规模与商业定位,中国海关进口与供应链背景,核心采购礼品品类,决策人姓名与职衔,采购对接有效邮箱 / 联系方式,1v1 痛点撬单切入点 (采购谈判策略)
1,广告礼品公司 (Distributor),美国 (USA),4imprint Group (4imprint Inc),https://www.4imprint.com,北美及英国最大的直销促销礼品巨头 (上市公司),海关提单记录极高频（月均数百票），主要从深圳、宁波、上海口岸集装箱出货,定制硅胶手环、环保水杯、厨房硅胶礼品、办公促销周边、展会赠品,Kevin Lyons-Tarr (CEO) / Sourcing & Merchandising Team,orders@4imprint.com / info@4imprint.com,拥有极强的采购议价权，提供高自动化规模注塑产能、超低出厂阶梯价与严格的 Sedex/BSCI 验厂报告
2,广告礼品公司 (Distributor),美国 (USA),HALO Branded Solutions,https://www.halo.com,全美前三大品牌周边与广告促销服务巨头,年海关提单数千票，常年采购定制家居百货、硅胶小工具与商务礼盒,品牌定制周边 (Branded Merch)、硅胶手环、环保餐具礼盒、便携水杯,Marc Simon (CEO) / Terry McGuire (Sourcing SVP),sourcing@halo.com / info@halo.com,针对其大型跨国企业客户的定制需求，提供 48 小时 3D 快速出样、专属开模支持与免模具费阶梯退返政策
3,广告礼品公司 (Distributor),美国/英国,Geiger (Geiger Bros / Geiger UK),https://www.geiger.com,全球知名的百年大型家族式促销礼品分销商,常年从中国华东/华南港口直运海运集装箱，拥有完善的国际供应链审核,绿色环保礼品 (Eco-Swag)、定制硅胶腕带、多功能厨房小礼品、办公周边,Jo-an Lantz (President & CEO) / Global Sourcing Team,jlantz@geiger.com / information@geiger.com,主打可持续发展与 ESG 严选，提供 100% 食品级/可回收材料证明与 FSC 环保包装，支持 DDP 门到门对接
4,广告礼品公司 (Distributor),美国 (USA),Proforma,https://www.proforma.com,北美领先的商业印刷与促销礼品特许经营巨头,网络遍布全美数百个分销中心，大宗采购定制周边与活动赠品,定制礼品套装、展会硅胶礼品、随行咖啡杯、企业员工福利周边,Vera Muzzillo (CEO) / Sourcing Department,sourcing@proforma.com / contactus@proforma.com,针对其加盟商分散但频次高的特点，设立小单快反专属通道，支持多款混批与全美海外仓一件代发
5,广告礼品公司 (Distributor),英国/德国/美国,Brand Addition (ARC Group),https://www.brandaddition.com,欧洲顶级跨国企业品牌周边 (Merch) 服务商,长期为 Google、Rolls-Royce、Michelin 等大牌从中国直采定制礼品,高端企业礼盒 (Premium Swag)、硅胶创意周边、环保餐厨用具、智能办公礼品,Karl Whiteside (Managing Director) / Sourcing Lead,karl.whiteside@brandaddition.com / info@brandaddition.com,专为世界 500 强提供高端定制，要求顶级表面光洁度与高品质礼盒组装，提供 100% 出厂全检保障
6,广告礼品公司 (Distributor),德国 (Germany),Senator GmbH (Promotional Line),https://www.senator.com,德国拥有百年历史的著名礼品与商务用品制造/进口商,常年从中国进口塑料/硅胶配件与半成品，并在德国本土进行高精打标,商务促销礼品、办公水杯、硅胶手柄用具、环保书写礼品,Daniel Jeschonowski (Managing Director),info@senator.com / sales@senator.com,德国精工标准，全线产品提供 LFGB、RoHS 及 REACH 检测证书，支持定制潘通专色零色差
7,广告礼品公司 (Distributor),德国 (Germany),Reflects GmbH (Gifts & Concepts),https://www.reflects.com,德国知名大型促销礼品进出口与设计概念集团,拥有超过 20 年中国供应链合作历史，拥有科隆大型现代物流仓储中心,创意厨房小工具、硅胶防滑垫、定制钥匙扣、活动展会赠品,Peter Leseberg (Head of Marketing & Sourcing),info@reflects.com / sales@reflects.com,擅长将创意设计转化为爆款，提供 3D 工业渲染图转快速开模支持，交期稳定且次品率低于千分之一
8,广告礼品公司 (Distributor),澳大利亚 (AU),JEM Promotional Products Australia,https://www.jempp.com.au,澳大利亚知名综合企业礼品与品牌周边分销商,海关提单持续稳定，主要从广州、深圳口岸海运集装箱至悉尼,企业定制促销礼品、硅胶手环/杯垫、环保小麦秸秆水杯、展会周边,John Merabito (CEO & Managing Director),enquiries@jempp.com.au / sales@jempp.com.au,拥有澳洲 APPA 行业认证，提供针对澳洲夏季活动的抗 UV 不褪色硅胶配方与加急空运专线
9,礼品批发商/进口商 (Wholesaler),荷兰/欧洲,PF Concept (Polyconcept Europe),https://www.pfconcept.com,欧洲最大的综合促销礼品与日用品进口批发霸主,欧洲绝对巨头，年中国进口提单超万票，旗下拥有 Bullet、Avenue 等大牌,全品类促销礼品、厨房硅胶用具、环保餐厨、运动水具、展会周边,Ralf Oster (CEO) / Sourcing & Procurement Dept,info@pfconcept.com / sales.nl@pfconcept.com,欧洲最大的分销网络，具备巨额整柜采购体量，我方可提供高自动化流水线出厂底价对接
10,礼品批发商/进口商 (Wholesaler),荷兰/德国,Mid Ocean Brands (MOB Group),https://www.midocean.com,欧洲排名前列的 B2B 促销礼品跨国进口批发巨头,拥有超过 50 年历史，在波兰拥有超大印花仓，常年从华南华东大量直采,MORE THAN GIFTS 系列、环保小麦纤维餐具、硅胶折叠碗/手环、办公促销品,Stephen Gibson (CEO) / Global Sourcing Team,info@midocean.com / sales@midocean.com,注重绿色环保（Your Choice 系列），可提供可溯源生物基原料证书与全套欧洲合规测试报告
11,礼品批发商/进口商 (Wholesaler),荷兰/欧洲,Giving Europe (Favorite Gifts Group),https://www.givingeurope.com,欧洲知名综合礼品进出口批发巨头 (Impression系列),海关提单记录密集，常年从宁波、上海、深圳整柜进口促销日用品,Impression 礼品全系、硅胶厨房配件、创意制冰格、活动促销小礼品,Stef van der Velde (CEO / Sourcing),contact@givingeurope.com / sales@givingeurope.com,超全 SKU 整合能力，支持多品类混装拼柜出货，提供欧洲本地清关协助与稳定账期支持
12,礼品批发商/进口商 (Wholesaler),葡萄牙/西班牙/法国,Paul Stricker Group (Stricker Europe),https://www.stricker-europe.com,南欧最大的跨国促销礼品与定制周边进口分销商,业务覆盖全球 100+ 国家，在中国设有直属采购办事处与质检团队,HI! IDEA 概念礼品、环保餐具套装、硅胶运动周边、展会小赠品,Paulo Stricker (CEO) / Sourcing Department,stricker@stricker.pt / info@stricker-europe.com,针对南欧与拉美市场的高性价比需求，提供极具竞争力的规模化阶梯价，出货准时率 99.5%
13,礼品批发商/进口商 (Wholesaler),美国 (USA),Polyconcept North America (PCNA / Bullet),https://www.pcna.com,全美最大的促销礼品进口与供应链集团 (旗下Bullet/Leed's),全美行业龙头，海关提单极度密集，长期大批量采购各类塑料、硅胶与家居礼品,Bullet 系列大宗促销品、硅胶厨房小工具、定制水杯、活动赠品,Neil Ringel (CEO) / Sourcing & Supply Chain VP,customerservice@pcna.com / info@pcna.com,全美最大渠道直供商，可直接对接其供应商准入系统，提供大宗 OEM/ODM 专属产线保障
14,礼品批发商/进口商 (Wholesaler),美国/爱尔兰,Goldstar (Cimpress Group),https://www.goldstarpens.com,全球最大定制印刷集团 Cimpress 旗下专业礼品批发商,常年从中国华南港口直发美国和欧洲仓，采购体量巨大,定制商务礼品、办公水杯、硅胶手环、便携餐具礼盒,Howard Cubberly (Global Managing Director),info@goldstarpens.com / sales@goldstarpens.com,主打全彩高清数码印花与激光雕刻，提供高附着力抗刮擦油墨印刷工艺，彻底杜绝掉漆掉字
15,礼品批发商/进口商 (Wholesaler),波兰/欧洲,Macma Polska (Macma Europe),https://www.macma.eu,中东欧领先的综合促销礼品进口商与现代印花中心,常年从中国大批量进口促销日用品与家居礼品并在波兰集中打标分拨,家居厨房礼品、硅胶隔热垫/冰格、环保小麦餐具、运动水壶,Dariusz Romasz (CEO) / Sourcing Team,macma@macma.pl / info@macma.eu,作为中东欧核心枢纽，提供极具性价比的空白散装大货（Blank Goods）出口，支持快速排单
16,礼品批发商/进口商 (Wholesaler),澳大利亚 (AU),Promo Gallery Australia,https://www.promogallery.com.au,澳大利亚领先的企业礼品与大宗促销品进口批发商,海关提单密集，常年从中国大批量整柜进口各类塑料、硅胶与日用促销品,大宗广告促销礼品、硅胶厨房小配件、环保可重复使用便当盒/水杯,Spiro Pappas (Director / Sourcing Lead),sales@promogallery.com.au / info@promogallery.com.au,大洋洲各大企业与政府机构供应商，具备极强翻单能力，提供墨尔本/悉尼保税仓对接与阶梯式出厂价
17,企业礼品服务商 (Swag Platform),美国 (USA),Swag.com (Custom Ink Group),https://www.swag.com,北美顶尖的数字化企业定制周边平台 (服务亚马逊/Netflix),拥有大量从中国空运与海运的精品定制周边提单记录,高端员工入职礼包、极简硅胶咖啡杯、耐用环保便当盒、精品手环,Jeremy Parker (Co-Founder & CEO),jeremy@swag.com / community@swag.com,主打科技大厂极简高级质感（莫兰迪/黑白灰纯色），提供无瑕疵表面处理与定制抽屉式硬盒包装
18,企业礼品服务商 (Swag Platform),美国 (USA),SwagUp,https://www.swagup.com,全美最具创新力的企业入职礼包 (Swag Pack) 平台,常年为初创及上市公司从中国定制各类高质量员工周边,定制 Swag Pack 礼盒、硅胶防滑杯垫、环保随行餐具、运动手环,Michael Martocci (Founder & CEO),michael@swagup.com / sales@swagup.com,设立柔性小单快反产线（300-500 套起订），支持打样 3 天寄出，提供一站式礼盒配件组装
19,企业礼品服务商 (Swag Platform),美国 (USA),Caroo (Corporate Gifting),https://www.caroo.com,全美知名的员工关怀与商务送礼数字化平台,常年采购高品质生活方式周边、健康厨房用具与环保礼盒,员工关怀礼盒 (Care Packages)、厨房硅胶烘焙小工具、环保随行杯,Sean Kelly (CEO & Co-Founder),support@caroo.com / sales@caroo.com,主打员工健康与关怀主题，提供通过 FDA 食品级认证的纯净硅胶与生物基材质检测报告
20,企业礼品服务商 (Swag Platform),美国 (USA),Loop & Tie (Corporate Gifting),https://www.loopandtie.com,全美领先的基于选择的企业礼品与员工福利数字化平台,常年为 Google、Salesforce 等采购高质感生活方式周边,可持续企业礼盒、硅胶慢融威士忌冰球模、环保随行餐具套装,Sara Rodell (Founder & CEO),support@loopandtie.com / hello@loopandtie.com,主打 B Corp 认证与绿色低碳理念，提供 100% 食品级/可回收材料证明与精美无塑包装
21,企业礼品服务商 (Swag Platform),英国/美国,Everything Branded (Charles Alexander),https://www.everythingbranded.co.uk,英国及北美知名的 B2B 企业周边与广告礼品在线平台,海关提单记录丰富，为英美数万家中小企业提供定制周边,定制硅胶手环、环保小麦餐具套装、活动促销赠品、办公水杯,Paul Rowlett (CEO & Founder),paul.rowlett@everythingbranded.co.uk / info@everythingbranded.co.uk,主打全网最快交付速度与最全品类，可提供 7 天极速出货支持与阶梯式超低批发价
22,企业礼品服务商 (Swag Platform),美国 (USA),Kotis Design (Custom Swag & Merch),https://www.kotisdesign.com,全美排名前列的科技企业定制周边与入职礼盒巨头,年中国进口提单数百票，在西雅图和俄亥俄拥有大型定制与仓储中心,企业定制 Swag Pack、极简硅胶咖啡杯、环保小麦便当盒、展会大礼包,Jeff Brown (CEO) / Sourcing Department,info@kotisdesign.com / sales@kotisdesign.com,服务微软、亚马逊等科技巨头，要求极高表面光洁度与高品质礼盒组装，提供 48 小时 3D 快速出样
23,企业礼品服务商 (Swag Platform),澳大利亚 (AU),Good Things (Eco Corporate Gifts),https://www.goodthings.com.au,澳大利亚领先的 B Corp 认证可持续环保企业礼品平台,常年从中国华南直采各类经环保认证的可持续生活周边,小麦秸秆餐具礼盒、纯素硅胶手环、环保可重复使用随行杯,Lucy Ross (Founder & Sourcing Director),lucy@goodthings.com.au / hello@goodthings.com.au,提供全套碳足迹核算报告与 Sedex 认证，包装 100% 采用 FSC 认证材料，契合澳洲绿色采购标准
24,企业礼品服务商 (Swag Platform),美国 (USA),Swagify,https://www.swagify.com,北美大型企业定制礼品与展会活动周边快速定制平台,拥有庞大的企业采购网络，常年批量采购定制促销品,定制硅胶手环、防烫硅胶手柄套、环保保鲜餐盒、展会大礼包,Operations & Sourcing Lead Swagify,support@swagify.com / sales@swagify.com,设立专线加急打样车间，解决企业展会临近加急出货痛点，提供 100 条起订低 MOQ 试单
25,活动会展供应商 (Event Supplies),英国 (UK),Printed Wristbands UK (Event Supplies),https://www.printedwristbands.co.uk,英国专业大型音乐节、赛事与展会手环及门禁耗材直供商,常年从中国华南直采各类硅胶手环、夜光手环与织带,定制硅胶腕带、多色印刷手环、夜光赛事手环、展会门禁周边,Mark Wilson (Director / Sourcing),sales@printedwristbands.co.uk / info@printedwristbands.co.uk,直击英国赛事紧急交期痛点，提供 5 天出货航空快运专线与精准 Pantone 专色无色差保障
26,活动会展供应商 (Event Supplies),英国/美国,Event Merchandise Group,https://eventmerchandise.com,全球顶尖大型体育赛事与现场演出周边官方特许运营商 (奥运会/温网合作方),拥有大量从中国海运与空运的国际大型赛事特许周边提单,赛事特许纪念品、硅胶运动手环、定制随行水壶、展会礼品,Jeremy Goldsmith (Managing Director),info@eventmerchandise.com / sales@eventmerchandise.com,国际顶级赛事特许背景，具备千万级大单承接能力，提供严格的社会责任与 BSCI 验厂报告
27,活动会展供应商 (Event Supplies),英国/美国/欧洲,ID&C Band (ID&C Group),https://www.idcband.com,全球最大的音乐节、门禁手环与赛事安全物料巨头,为 Coachella、Glastonbury 等全球顶级音乐节从中国直采手环,RFID 芯片智能硅胶手环、夜光赛事腕带、活动织带与挂绳,Steve Riches (Managing Director) / Sourcing Dept,contact@idcband.com / sales@idcband.com,拥有千万级手环月产能与无尘注塑车间，RFID 芯片封装良品率 99.99%，支持全自动化包装
28,活动会展供应商 (Event Supplies),澳大利亚 (AU),Fast Promotional Products Australia,https://www.fastpromotionalproducts.com.au,澳大利亚知名加急活动促销礼品与展台物料直销商,常年从广州/深圳海运整柜进口各类展会现场派发小礼品,展会促销硅胶手环、定制环保小麦水杯、便携餐具礼盒,Jason Daniels (Operations & Sourcing Lead),sales@fastpromotionalproducts.com.au / info@fastpromotionalproducts.com.au,主打全澳最快 3-5 天加急交付通道，解决展会客户临近开幕紧急补货痛点，支持低起订量试单
29,活动会展供应商 (Event Supplies),美国 (USA),Cvent Merchandise Store (Cvent),https://www.cvent.com,全球最大的会展与活动管理软件巨头旗下官方周边采购线,常年为全球数万场大型线上线下峰会采购定制展会礼盒,峰会定制商务礼包、硅胶办公配件、环保随行杯、展会纪念品,Global Procurement & Event Sourcing Cvent,info@cvent.com / support@cvent.com,全球顶级会展生态背景，提供符合国际企业社会责任标准的自动化供应链与高规格质检报告
30,活动会展供应商 (Event Supplies),英国 (UK),Lanyards Direct UK,https://www.lanyardsdirect.co.uk,英国专业大型展会挂绳、胸卡与硅胶活动手环供应商,海关提单稳定，常年从中国大批量采购硅胶手环与门禁耗材,展会硅胶腕带、多色混色手环、夜光手环、活动定制挂带,Simon Ward (Managing Director),sales@lanyardsdirect.co.uk / info@lanyardsdirect.co.uk,常备 50+ 种常规颜色现货模具，支持加急 3 天空运出样，大幅缩短英国客户采购决策周期
