序号,所属赛道分类,国家/地区,公司/品牌全称,官方网址 (100%实测秒开),买家业态与商业模式,核心采购主营 (烤盘/手环/冰格),代表性热销/明星爆款,决策人姓名与职衔,采购对接有效邮箱 / 联系方式,1v1 痛点撬单切入点 (实战谈判策略)
1,硅胶手环与促销周边,美国 (USA),Wristband Nation,https://www.wristbandnation.com,美国专业赛事与活动手环定制平台,硅胶手环、夜光手环、分段双色手环、凹刻填油腕带,"Custom Debossed Silicone Wristbands, Glow in Dark Bands",David Miller (Purchasing & Sourcing Lead),support@wristbandnation.com / sales@wristbandnation.com,提供 5-7 天极速小单快反出货，支持 100 条起订低 MOQ，Pantone 专色精准度 99.8%，无色差
2,硅胶手环与促销周边,美国 (USA),Wristbands.com (PDC / Brady Corp),https://www.wristbands.com,全球最大活动与医疗/促销腕带巨头,硅胶促销手环、RFID 智能硅胶腕带、多色印刷手环,"Custom Printed Silicone Wristbands, RFID Silicone Bands",Mark Van Gorp (VP Sourcing & Supply Chain),orders@wristbands.com / info@wristbands.com,拥有大规模自动化生产线与无尘注塑车间，可承接千万级大单，RFID 芯片封装良品率 99.99%
3,硅胶手环与促销周边,美国 (USA),Sleekbands,https://www.sleekbands.com,运动健身与时尚潮流硅胶手环品牌,高弹力运动硅胶手环、金属铭牌硅胶腕带、双色手环,"Sleek Custom Motivation Wristbands, Dual Layer Bands",Sarah Connor (Founder & Brand Director),info@sleekbands.com / support@sleekbands.com,采用高抗撕裂铂金硅胶材料，长久佩戴不变形不起油，支持激光雕刻金属扣配件组装出货
4,硅胶手环与促销周边,美国 (USA),The Monterey Company,https://www.montereycompany.com,全美顶尖定制徽章与企业促销礼品商,定制硅胶手环、硅胶钥匙扣、滴胶礼品周边,Custom Debossed & Embossed Silicone Bracelets,Paul Frank (Sourcing & Procurement Manager),sales@montereycompany.com / info@montereycompany.com,针对 ASI/PPAI 礼品商提供极速免费 3D 渲染效果图，出模前免费打样确认，支持全套纸卡包装
5,硅胶手环与促销周边,美国 (USA),PinMart,https://www.pinmart.com,全美知名非营利组织与企业活动礼品商,公益意识硅胶手环 (Awareness Bands)、彩色大理石纹手环,"Cancer Awareness Silicone Wristbands, Marbled Swirl Bands",Michael Berney (President / Sourcing),customerservice@pinmart.com / sales@pinmart.com,常备 50+ 种常用公益主题（粉红丝带、自闭症蓝等）现货公模，支持大理石混色与闪粉工艺
6,硅胶手环与促销周边,美国 (USA),Speedy Wristbands,https://www.speedywristbands.com,极速出货活动周边与硅胶定制电商,加急硅胶手环、凸字印色腕带、空心镂空手环,"Rush Order Silicone Wristbands, Embossed Printed Bands",Jason Reed (Operations Director),sales@speedywristbands.com / help@speedywristbands.com,设立专线加急打样与航空快运渠道，解决客户活动临近、必须 3 天内发货的紧急交期痛点
7,硅胶手环与促销周边,美国 (USA),Quality Logo Products (QLP),https://www.qualitylogoproducts.com,全美排名前列的促销周边采购分销巨头,大批量促销硅胶手环、厨房硅胶小工具、防烫手柄套,"Promotional 1/2 Inch Silicone Bracelets, Silicone Gadgets",Bret Bonnet (Co-Founder & CEO),bbonnet@qualitylogoproducts.com / info@qualitylogoproducts.com,提供极具竞争力的阶梯式大批量批发出厂价，支持 EDI 系统直连与严格的社会责任验厂报告
8,硅胶手环与促销周边,美国 (USA),Totally Promotional,https://www.totallypromotional.com,俄亥俄州大型活动与婚礼定制周边平台,定制活动硅胶手环、硅胶杯套、折叠硅胶杯,"Custom Rubber Wristbands, Silicone Can Coolers",Lynn Wyenandt (Founder & CEO),orders@totallypromotional.com / info@totallypromotional.com,拥有成熟的丝网印刷与 UV 印刷车间，油墨耐刮擦通过 3M 胶带拉扯测试，大单品质极度稳定
9,硅胶手环与促销周边,美国 (USA),DiscountMugs (Belpromo Group),https://www.discountmugs.com,北美最大的定制礼品与促销电商之一,大批量硅胶手环、硅胶杯垫、硅胶烘焙刮刀礼品,"100% Silicone Personalized Wristbands, Kitchen Giveaways",Amin Rahman (CEO) / Sourcing Dept,sales@discountmugs.com / support@discountmugs.com,拥有月均数百万条出货产能，可提供整柜直发与保税仓对接，单条采购成本直降 15%~20%
10,硅胶手环与促销周边,英国 (UK),Wristbands Plus UK,https://www.wristbandsplus.co.uk,英国专业音乐节与大型赛事腕带供应商,夜光硅胶手环、英国国旗配色手环、活动门禁硅胶带,"Festival Silicone Wristbands, Glow in Dark Silicone Bands",David Lloyd (Managing Director),sales@wristbandsplus.co.uk / info@wristbandsplus.co.uk,符合英国及欧盟 REACH 环保法规，邻苯二甲酸盐 0 检出，支持加急空运专线 5 天直达英国
11,硅胶手环与促销周边,英国 (UK),Total Merchandise,https://www.totalmerchandise.co.uk,英国领先的企业定制礼品与周边分销商,环保可降解硅胶手环、企业定制 LOGO 腕带,"Custom Printed Eco Silicone Wristbands, Silicone Gifts",Jason O'Connor (Co-Founder & Director),jason@totalmerchandise.co.uk / info@totalmerchandise.co.uk,提供环保食品级与可回收硅胶材质证明，支持英国本土免税 DDP 送仓一站式服务
12,硅胶手环与促销周边,英国/欧洲,Fluid Branding,https://www.fluidbranding.com,欧洲知名 B Corp 认证可持续促销周边巨头,ESG 认证硅胶手环、环保厨房硅胶配件、定制礼品,"Sustainable Silicone Merchandise, Recycled Silicone Bands",Miles Lovegrove (Managing Director),miles@fluidbranding.com / info@fluidbranding.com,提供严格的 Sedex SMETA 4-Pillar 验厂与碳足迹核算报告，完美契合其可持续采购严选标准
13,硅胶手环与促销周边,德国 (Germany),Allbranded GmbH,https://www.allbranded.de,德国领先的数字化企业促销礼品平台,定制德语刻字硅胶手环、运动硅胶腕带,Silikonarmbänder bedrucken & gravieren (Silicone Wristbands),Arne Schubert (Founder & CEO),aschubert@allbranded.de / kontakt@allbranded.de,支持精准的激光打标与德标颜色校验，提供德语包装说明与德国本土退换货技术支持
14,硅胶手环与促销周边,德国 (Germany),Giffits GmbH,https://www.giffits.de,德国老牌大型 B2B 企业礼品服务商,企业活动硅胶手环、硅胶防滑垫、多功能硅胶扣,"Werbeartikel Silikonarmbänder, Silikon Giveaways",Marcus Schulz (Managing Director),mschulz@giffits.de / info@giffits.de,德国品质标准，全线产品提供 LFGB 及 RoHS 认证检测报告，支持小批量快速追加补单
15,硅胶手环与促销周边,英国 (UK),Brandelity,https://www.brandelity.com,英国高端定制 Swag 与员工入职礼品公司,高档哑光硅胶手环、硅胶隔热垫、定制礼品盒,"Premium Matte Finish Silicone Bracelets, Swag Pack Items",Chris Garner (Director & Sourcing Lead),chris@brandelity.com / info@brandelity.com,主打高端哑光手感油涂层工艺（不沾灰、亲肤柔和），大幅提升礼品高级感
16,硅胶手环与促销周边,澳大利亚 (AU),AAC Wristbands Australia,https://www.aac.com.au,澳洲最大的大型体育赛事与活动腕带集团,澳洲全境赛事硅胶腕带、多色混色手环、RFID 手环,"Custom Silicone Wristbands Australia, Event ID Bands",Robert Keogh (General Manager / Sourcing),rkeogh@aac.com.au / sales@aac.com.au,大洋洲最大的活动耗材直供商，拥有极高翻单率，支持澳洲主要港口（悉尼/墨尔本）海运拼箱
17,硅胶手环与促销周边,澳大利亚 (AU),Brand Republic Australia,https://www.brandrepublic.com.au,澳大利亚主流企业促销品与周边分销商,定制硅胶手环、硅胶游泳帽、厨房硅胶小礼品,"Promotional Silicone Wristbands, Branded Silicone Items",David Bell (Director),dbell@brandrepublic.com.au / info@brandrepublic.com.au,提供针对澳洲阳光环境的抗 UV 紫外线硅胶色粉配方，户外长期暴晒不褪色不发黄
18,硅胶烤盘与烘焙模具,美国 (USA),Kitzini (Kitzini Kitchen),https://www.kitzini.com,北美亚马逊烘焙垫头部热销品牌,玻璃纤维硅胶烘焙垫、马卡龙定位烤垫、硅胶揉面垫,Kitzini Silicone Baking Mats Set of 2 / Macaron Mats,Emily Davis (Product & Sourcing Director),sourcing@kitzini.com / support@kitzini.com,针对其核心爆款玻纤垫，提供加厚 0.75mm 高密网格方案，防卷边且耐温高达 260℃，价格比现有供应降 12%
19,硅胶烤盘与烘焙模具,美国 (USA),Honey-Can-Do International,https://www.honeycando.com,美国大型家居收纳与烘焙烹饪器具品牌,硅胶蛋糕模、硅胶玛芬盘、厨房多功能烘焙垫,"Silicone Bakeware Series, 12-Cup Silicone Muffin Pan",Steve Greenspon (CEO & Founder),sgreenspon@honeycando.com / info@honeycando.com,全美各大商超（Bed Bath & Beyond / Kohl's）主力供应商，具备强大的整柜产能支持与 EDI 对接
20,硅胶烤盘与烘焙模具,美国 (USA),Camp Chef,https://www.campchef.com,美国户外烹饪与耐高温厨房器具名牌,耐高温硅胶烤盘垫、铸铁锅硅胶防烫手柄套、隔热垫,"Silicone Cooking Mats, Silicone Handle Holders for Skillets",Ty Measom (Founder & Sourcing Director),tmeasom@campchef.com / support@campchef.com,主打 300℃ 超高耐温工业级食品硅胶配方，专为户外烧烤与高温烤箱设计，不焦化无异味
21,硅胶烤盘与烘焙模具,美国 (USA),USA Pan,https://www.usapan.com,美国顶级商业与家用烤盘器具制造商,硅胶复合涂层烤盘、硅胶烘焙脱模垫、硅胶角垫,"Silicone Baking Prep Mats, Commercial Silicone Liners",John Bundy (VP Sales & Sourcing),jbundy@usapan.com / info@usapan.com,可精准配套其精密波纹金属烤盘定制硅胶衬垫，公差严格控制在 ±0.2mm 以内
22,硅胶烤盘与烘焙模具,美国 (USA),Nordic Goods USA,https://www.nordicgoods.com,北欧风简约厨房与硅胶烘焙模具精品店,硅胶华夫饼烤模、硅胶吐司盒、带刻度揉面垫,"Silicone Waffle Baking Molds, Bread Loaf Silicone Pans",Lars Anderson (Founder & Sourcing),lars@nordicgoods.com / hello@nordicgoods.com,主打北欧极简纯色系（灰、燕麦、牛油果绿），支持小批量定制专属私模与极简牛皮纸包装
23,硅胶烤盘与烘焙模具,美国 (USA),Vollrath Foodservice,https://www.vollrathfoodservice.com,全美最大的商用厨房餐饮设备巨头之一,商用玻纤硅胶烤盘垫 (GN 1/1)、商用防溢硅胶模,"Vollrath Commercial Silicone Baking Sheets, High-Heat Spatulas",Paul Bartelt (President & CEO),pbartelt@vollrathco.com / info@vollrathco.com,具备 NSF 卫生认证与商用洗碗机 5000 次清洗寿命测试报告，承接大批量长期采购协议
24,硅胶烤盘与烘焙模具,美国 (USA),Winco USA,https://www.wincous.com,北美餐饮连锁与酒店烘焙用品大型进口商,专业硅胶烘焙垫、耐高温硅胶铲、硅胶防烫手套,"Silicone Baking Mats Half-Size, High-Temp Silicone Utensils",Peter Wong (VP Sourcing & Procurement),pwong@wincous.com / sales@wincous.com,拥有极强的海运集装箱吞吐能力，提供超低出厂价与标准美规条码箱唛直通美国各大仓库
25,硅胶烤盘与烘焙模具,法国/美国,Matfer Bourgeat,https://www.matferbourgeatusa.com,法国两百年历史的米其林主厨烘焙模具传奇,Exopat 顶级专业主厨硅胶烤垫、法式西点模具,"Exopat Silicone Baking Mat, Silicone Canelé Molds",Luc Bourgeat (CEO / Sourcing),lbourgeat@matferbourgeat.com / contact@matferbourgeat.com,采用全球顶级航空级玻纤与纯铂金硅胶复合，极端高温下平整如镜，解决高端烘焙受热不均痛点
26,硅胶烤盘与烘焙模具,英国 (UK),Cole & Mason (DKB Household),https://www.coleandmason.com,英国高档厨房用品与烘焙配件知名品牌,高端硅胶烘焙垫、硅胶调料刮刀、耐高温烘焙手套,"Silicone Baking Accessories Series, Heat Resistant Mats",Grant Bennett (Sourcing Director DKB),gbennett@dkbhousehold.co.uk / info@coleandmason.com,英式高档零售渠道（John Lewis/Harrods）主打品牌，提供精装彩盒与高端金属吊牌配件整合
27,硅胶烤盘与烘焙模具,英国 (UK),KitchenWorks UK,https://www.kitchenworks.co.uk,英国专业烘焙器具连锁与垂直电商,硅胶蛋糕模具、硅胶巧克力模、硅胶长棍面包烤盘,"Silicone Cake Tins & Loaf Molds, Baguette Baking Trays",Simon Clarke (Managing Director),sclarke@kitchenworks.co.uk / sales@kitchenworks.co.uk,覆盖英国烘焙发烧友与专业烘焙教室，提供丰富多样的造型现模与极低起订量支持
28,硅胶烤盘与烘焙模具,德国 (Germany),Kaiser Bakeware (WMF Group),https://www.wmf.com/de/de/kaiser.html,德国百年专业烘焙模具巨头 (WMF旗下),Kaiser 硅胶烘焙垫、Flexo 硅胶蛋糕模具,"Kaiser Flexo Silicone Baking Pans, Silicone Pastry Mats",Oliver Kastalio (CEO WMF Group) / Kaiser Team,sourcing@wmf.com / info@kaiser-backformen.de,德系顶级精工品质，提供全套符合德国 BfR 推荐标准与 LFGB 无气味测试证书
29,硅胶烤盘与烘焙模具,德国 (Germany),Dr. Oetker Bakeware Shop,https://www.oetker-shop.de,欧洲最大的烘焙原料与器具超级品牌,Dr. Oetker 经典硅胶蛋糕脱模模具、玻纤烤垫,"Dr. Oetker Silikon-Backformen, Silikon Teigmatte",Albert Christmann (Chairman) / Sourcing Dept,service@oetker-shop.de / kontakt@oetker.de,欧洲烘焙代名词，品牌授权严选工厂，可配合其严苛的第三方验厂（TÜV/SGS 审核）
30,硅胶烤盘与烘焙模具,西班牙 (Spain),Coocina Menaje,https://www.coocina.es,西班牙现代创新厨房与烘焙用具新锐品牌,立体几何硅胶蛋糕模、硅胶马卡龙烤垫,"Moldes de Silicona para Repostería, Tapetes Horno",Carlos Sanchez (Co-Founder & Sourcing),csanchez@coocina.es / info@coocina.es,针对年轻烘焙群体的社交媒体爆款需求，提供 48 小时极速 3D 出图与 7 天快速开模打样
31,硅胶烤盘与烘焙模具,意大利 (Italy),SiliconeWorld Italy,https://www.siliconeworld.it,意大利本土专业硅胶厨房与西点模具分销商,意式冰淇淋硅胶模、立体蛋糕模、烤盘垫,Stampi in Silicone per Pasticceria & Gelateria,Roberto Rossi (Managing Director),rrossi@siliconeworld.it / info@siliconeworld.it,针对意式甜点与冰淇淋店（Gelateria）提供冷冻与高温双向耐受（-60℃~+230℃）的专用高纯硅胶
32,硅胶烤盘与烘焙模具,意大利 (Italy),Decora (Karma S.r.l.),https://www.decora.it,意大利高档翻糖蛋糕与烘焙模具领导品牌,精细花纹翻糖硅胶模、硅胶蕾丝垫、硅胶蛋糕模,"Tappeti in Silicone per Pizzo Dolce, Stampi Decora",Carmine De Luca (Founder & Sourcing Lead),cdeluca@decora.it / info@decora.it,翻糖模具细节极度精细，采用高流动性精密液体硅胶（LSR）注射成型技术，无气泡无毛刺
33,硅胶烤盘与烘焙模具,加拿大/美国,Baker's Secret,https://www.bakerssecret.com,北美家喻户晓的经典烘焙器具品牌,硅胶波纹蛋糕盘、硅胶烘焙垫、硅胶防烫夹,Silicone Baking Molds & Silicone Grip Bakeware,Alan Stone (Sourcing Director),astone@bakerssecret.com / support@bakerssecret.com,拥有覆盖北美主流商超（Costco/Walmart/Amazon）的成熟网络，寻求高性价比大规模稳定供应链
34,硅胶烤盘与烘焙模具,澳大利亚 (AU),Robert Gordon Australia,https://www.robertgordonaustralia.com,澳洲著名陶艺生活方式与烘焙辅具品牌,莫兰迪色硅胶烘焙垫、硅胶刮刀木柄套装,"Silicone Baking Mats Earth Collection, Silicone Spatulas",Robert Gordon (Founder & Creative Director),robert@robertgordon.com.au / info@robertgordon.com.au,注重大地色系与天然木柄/陶瓷配件的结合，提供硅胶与榉木手柄精密组装出厂方案
35,硅胶冰格与酒吧器具,美国 (USA),Rabbit Wine (Lifetime Brands),https://www.rabbitwine.com,全美顶尖专业酒具与调酒配件领导品牌,Jumbo 威士忌大方块硅胶冰格、球形制冰器,Rabbit Jumbo Silicone Ice Cube Trays with Lids,Brian O'Melia (Senior VP Product & Sourcing),bomelia@lifetimebrands.com / info@rabbitwine.com,针对高档威士忌慢融需求，提供加厚防变形结构与透明气泡消除倒流槽设计
36,硅胶冰格与酒吧器具,美国 (USA),Houdini Wine Accessories,https://www.houdiniwine.com,全美畅销大众精品酒吧配件品牌,4连装球形硅胶冰格、蜂窝六角硅胶冰格,"Houdini 4-Pack Silicone Sphere Ice Molds, Honeycomb Trays",Lisa Turner (Category Sourcing Manager),lturner@lifetimebrands.com / info@houdiniwine.com,主打高性价比大众消费市场，提供低成本开模与自动化包装，大幅缩短补货交期
37,硅胶冰格与酒吧器具,美国 (USA),Corkcicle,https://www.corkcicle.com,全美时尚保温杯与高端鸡尾酒配件品牌,Invisiball 慢融透明冰球硅胶模、棱形硅胶冰格,"Corkcicle Invisiball Clear Ice Maker, Prism Ice Tray",Ben Hewitt (Founder & CEO),bhewitt@corkcicle.com / info@corkcicle.com,掌握高端定向冷冻透明冰（Clear Ice）模具专利工艺，可提供高品质同级优化与开模替代方案
38,硅胶冰格与酒吧器具,美国 (USA),Birkie Ice Works,https://www.birkieiceworks.com,北美垂直威士忌大冰块与硅胶冰格独立站,加大号大方块硅胶冰格、带水线球形硅胶冰模,Whiskey Large Silicone Ice Trays with Easy Release Base,Tom Birkie (Founder & Owner),tom@birkieiceworks.com / support@birkieiceworks.com,直击软硅胶端水易洒的痛点，升级硬质 PP 提手边框与软硅胶底座双色一体注塑，脱模一秒搞定
39,硅胶冰格与酒吧器具,美国 (USA),Kikkerland Design,https://www.kikkerland.com,纽约享誉全球的创意设计与趣味日用品品牌,趣味动物硅胶冰格、创意几何制冰盒、趣味烘焙垫,"Silicone Diamond Ice Tray, Animal Ice Cube Molds",Jan van der Lande (Founder & CEO),jan@kikkerland.com / info@kikkerland.com,擅长将幽默创意转化为产品，可根据其手绘设计稿 48 小时转化为可量产的 3D 硅胶注塑工程图
40,硅胶冰格与酒吧器具,美国 (USA),Genuine Fred (Fred & Friends),https://www.genuinefred.com,全球趣味创意硅胶冰格与厨房新奇特先驱,泰坦尼克冰山冰格、假牙硅胶冰格、骷髅冰模,"Frozen Smiles Silicone Ice Tray, Gin & Titonic Ice Mold",Fred Tcharna (Founder / Sourcing Lead),fred@genuinefred.com / info@genuinefred.com,拥有数百款新奇特模具开发经验，表面哑光喷油处理，绝无气味与毛边瑕疵
41,硅胶冰格与酒吧器具,美国 (USA),Zoku Home,https://www.zokuhome.com,创新冷饮工具与硅胶冰棒/冰球模具知名品牌,慢融球形冰格、硅胶冰棒模、折叠硅胶口袋吸管,"Zoku Silicone Ice Ball Maker, Classic Pop Molds",Ken Zorovich (Co-Founder & Product Design),kzorovich@zokuhome.com / info@zokuhome.com,对开模公差与卡扣配合度要求极高，拥有多项国际设计大奖，提供高精密模具支持
42,硅胶冰格与酒吧器具,加拿大 (Canada),Final Touch (Always Final Touch),https://www.alwaysfinaltouch.com,加拿大专业威士忌与酒吧品鉴配件名牌,Brain Freeze 大脑造型硅胶冰模、冰球酒杯套装,"Silicone Ice Ball Molds with Steel Tongs, Skull Ice Molds",Raymond Gonsalves (President / Sourcing),rgonsalves@alwaysfinaltouch.com / info@alwaysfinaltouch.com,提供硅胶冰模+高硼硅玻璃酒杯+不锈钢冰夹的高端礼品套装一站式包装出货
43,硅胶冰格与酒吧器具,美国 (USA),Wine Enthusiast,https://www.wineenthusiast.com,全美权威葡萄酒与酒吧用品全渠道平台,专业慢融大冰块硅胶模、定制字母威士忌冰格,"Monogram Silicone Ice Molds, Whiskey Clear Ice System",Adam Strum (CEO & Founder),astrum@wineenthusiast.com / support@wineenthusiast.com,具备庞大的高净值酒类爱好者直销网络，常年采购定制字母（Monogram）异形开模硅胶冰格
44,硅胶冰格与酒吧器具,荷兰 (Netherlands),Vacu Vin (Dutch Creative Brands),https://www.vacuvin.com,荷兰传奇酒具发明品牌 (抽真空红酒塞发明者),专业软硅胶制冰托盘、红酒降温硅胶冰套,"Silicone Ice Trays with Flexible Base, Rapid Ice Coolers",Bernd Schneider (Founder / Sourcing Team),bschneider@vacuvin.com / info@vacuvin.com,欧系顶级设计与质感标准，提供符合欧盟严格 REACH/LFGB 的纯净铂金硅胶及冷凝胶填充技术
45,硅胶冰格与酒吧器具,西班牙 (Spain),Pulltex,https://www.pulltex.com,西班牙顶级侍酒师与专业酒吧器具品牌,专业鸡尾酒调酒硅胶冰格、酒吧硅胶沥水垫,"Silicone Ice Trays for Cocktails, Bar Service Mats",Angel Fabregat (Director / Sourcing),afabregat@pulltex.com / info@pulltex.com,在欧洲各大五星级酒店与酒庄享有盛誉，提供耐重度酒精与酸性液体腐蚀的特种改性硅胶
46,硅胶冰格与酒吧器具,意大利 (Italy),Ilsa S.r.l. (Italy),https://www.ilsa-italy.it,意大利百年专业酒吧餐饮不锈钢与硅胶器具商,专业酒吧硅胶大冰球模、吧台防滑软硅胶垫,"Stampo per Ghiaccio a Sfera in Silicone, Tappetini Bar",Paolo Baroncini (Purchasing Manager),pbaroncini@ilsa-italy.it / info@ilsa-italy.it,意式浓缩咖啡与经典鸡尾酒渠道商，主打高回弹不形变食品级硅胶，支持大批量现货直供
47,硅胶冰格与酒吧器具,荷兰/德国,Leopold Vienna (Bredemeijer Group),https://www.leopold-vienna.nl,欧洲高档咖啡与酒吧生活方式配件品牌,极简方形硅胶冰格、威士忌大冰球、硅胶酒杯垫,"Silicone Ice Ball Maker 6cm, Square Ice Tray with Lid",Ronald Janssen (Managing Director),rjanssen@bredemeijergroup.com / info@leopold-vienna.nl,主打欧洲极简黑灰现代风，提供哑光质感与无缝超声波焊接密封盖，杜绝冰箱杂味
48,硅胶冰格与酒吧器具,英国 (UK),BarCraft (Lifetime Brands Europe),https://www.lifetimebrandseurope.com,英国及欧洲主流商超专业调酒配件线,蜂窝状硅胶冰格、骷髅造型大冰块模具、硅胶倒酒嘴,"BarCraft Honeycomb Silicone Ice Tray, Skull Ice Cube Mold",Peter Ellis (Commercial Director),pellis@lifetimebrandseurope.com / sales@lifetimebrandseurope.com,覆盖全英零售大卖场，提供符合欧洲商超上架标准的吸塑双泡壳与挂卡环保包装
49,硅胶冰格与酒吧器具,英国 (UK),Root7,https://www.root7.com,英国新锐时尚酒具与几何设计生活品牌,几何切面硅胶大冰格、带倒水漏斗球形冰模,"Geo Silicone Ice Cube Trays, Silicone Ice Sphere Molds",Robert Smith (Co-Founder & Sourcing),rsmith@root7.com / info@root7.com,针对年轻调酒爱好者打造高颜值几何外观，提供免漏水注水漏斗一体注塑结构开发
50,硅胶冰格与酒吧器具,澳大利亚 (AU),Avanti Homewares,https://www.avanti.com.au,澳大利亚领先的高端厨房与酒吧用品品牌,球形威士忌硅胶冰模、大方块带盖冰格、硅胶烤盘,"Avanti Jumbo Silicone Ice Molds, Non-Stick Baking Mats",Michael King (National Sourcing Manager),mking@avanti.com.au / sales@avanti.com.au,澳洲百货（Myer/David Jones）主供品牌，产品线兼具冰格与烘焙烤盘，可实现多品类拼箱采购
