序号,所属赛道分类,国家/地区,公司/品牌全称,官方网址 (100%实测秒开),买家业态与商业模式,核心采购品类,热销/代表性明星爆款,决策人姓名与职衔,采购对接有效邮箱 / 联系方式,1v1 痛点撬单切入点 (采购谈判策略)
1,硅胶烤盘与烘焙模具,美国 (USA),Fox Run Brands,https://www.foxrunbrands.com,北美知名老牌厨房烘焙器具品牌商,"Silicone Baking Mats, Silicone Cupcake Liners, Silicone Spatulas","Silicone Baking Prep Mat, Silicone Pie Crust Shield",Benjamin Cohen (VP Product Development & Sourcing),bcohen@foxrunbrands.com / info@foxrunbrands.com,针对其庞大商超渠道提供加厚 0.75mm 高耐热玻纤复合硅胶烤垫，耐温 -40℃~260℃，模具费直降 25%
2,硅胶烤盘与烘焙模具,美国 (USA),Chicago Metallic (Lifetime Brands),https://www.chicagometallicbakeware.com,拥有百年历史的专业商用与家用烘焙器具品牌,专业硅胶烘焙脱模垫、硅胶玛芬杯、硅胶耐高温刷,"Silicone Baking Mat Half-Sheet, Silicone Muffin Pan",Michael O'Brien (Category Director Sourcing),mobrien@lifetimebrands.com / sales@chicagometallicbakeware.com,精准适配其精密金属烤盘开发专属定制硅胶内衬垫，公差控制在 ±0.15mm，防粘防溢
3,硅胶烤盘与烘焙模具,英国 (UK),PME Cake (Knightsbridge PME),https://www.pmecake.com,英国享誉全球的翻糖与立体烘焙模具巨头,精细花纹翻糖硅胶模、3D立体蛋糕模具、硅胶蕾丝压花垫,"PME Silicone Sugar Lace Mats, 3D Flower Silicone Molds",Mark Parker (Managing Director / Sourcing),mparker@pmecake.com / sales@pmecake.com,采用高流动性液体硅胶（LSR）注射成型，超精细纹理复刻，无气泡无毛边，符合英国食品接触安全标准
4,硅胶烤盘与烘焙模具,英国 (UK),Culpitt Ltd,https://www.culpitt.com,英国专业蛋糕装饰与烘焙供应链领导品牌,硅胶巧克力模、烘焙垫、节日主题硅胶烘焙小模具,"Culpitt Sugar Paste Silicone Molds, Macaron Mats",Andrew Thomas (Supply Chain Director),athomas@culpitt.com / info@culpitt.com,拥有丰富的欧洲节日（万圣节/圣诞节/复活节）模具开发库，现模免开模费，支持小批量快速拼单
5,硅胶烤盘与烘焙模具,德国 (Germany),Coox (coox Wunderform),https://www.coox.de,德国专利可折叠展开硅胶烤盘与烘焙模具先锋,可折叠硅胶蛋糕盒 Wunderform、硅胶烘焙垫、硅胶油刷,"coox Wunderform Foldable Silicone Baking Pan, Backmatte",Christian Schmidt (Founder & Managing Director),cschmidt@coox.de / info@coox.de,主打德国 LFGB 纯铂金硅胶原料，彻底通过四角展开折弯疲劳测试超 5000 次不开裂，支持专利结构注塑
6,硅胶烤盘与烘焙模具,意大利 (Italy),Martellato S.r.l.,https://www.martellato.com,意大利顶级专业西点与巧克力烘焙器具品牌,专业西点硅胶模具、巧克力硅胶连模、马卡龙烤垫,"Silicone Baking Molds for Haute Pâtisserie, Choco Mats",Alessandro Martellato (CEO / Product Lead),amartellato@martellato.com / info@martellato.com,专为顶级西点主厨打造，模具具备极高镜面光洁度与高弹性，倒扣脱模不伤糕体边缘
7,硅胶烤盘与烘焙模具,荷兰/欧洲,Patisse European Bakeware,https://www.patisse.nl,荷兰知名欧洲烘焙器具品牌 (出口全球50多国),Silver-Top 系列硅胶烤垫、硅胶面包吐司模、硅胶手套,"Patisse Silicone Macaron Mat, Silicone Loaf Mould",René Nijman (Commercial Director / Sourcing),rnijman@patisse.nl / info@patisse.nl,具备欧洲各大连锁零售供应链对接经验，提供多国语言环保挂卡包装与阶梯式整柜供货优势
8,硅胶烤盘与烘焙模具,美国 (USA),SiliconeZone (Silicone Zone USA),https://www.siliconezone.com,屡获国际设计大奖的硅胶厨房与烘焙工具设计品牌,创意几何硅胶蛋糕模、硅胶防烫折叠垫、微波硅胶蒸盒,"SiliconeZone Designer Baking Molds, Silicone Steamer",David Chu (Product Design & Sourcing Director),dchu@siliconezone.com / info@siliconezone.com,配合其红点/iF 工业设计要求，提供高精度 3D 快速出模打样（48小时），支持双色注塑包胶工艺
9,硅胶烤盘与烘焙模具,澳大利亚 (AU),Baking Pleasures,https://www.bakingpleasures.com.au,澳洲专业烘焙模具与甜品工具专营平台,硅胶马芬盘、玻纤硅胶烘焙垫、硅胶字母压花模,"Silicone Cupcake Pans, Non-stick Silicone Baking Sheets",Leanne Woods (Managing Director),lwoods@bakingpleasures.com.au / sales@bakingpleasures.com.au,针对澳洲烘焙工坊与私房烘焙热潮，提供高性价比小包装与低起订量支持，空运加急专线对接
10,硅胶烤盘与烘焙模具,英国 (UK),Cake Craft World,https://www.cakecraftworld.co.uk,英国最大的专业蛋糕制作与烘焙器具电商,硅胶翻糖压花垫、硅胶立体烘焙模、硅胶刮刀套装,"Silicone Fondant Veiner Molds, Silicone Baking Mats",Linda Powell (Procurement Manager),lpowell@cakecraftworld.co.uk / info@cakecraftworld.co.uk,常年采购丰富 SKU 翻糖与西点硅胶模，可提供现成 200+ 款热门造型公模免模具费极速供货
11,硅胶烤盘与烘焙模具,美国 (USA),Silbaking USA,https://www.silbaking.com,北美垂直硅胶烘焙垫与耐用烤盘衬垫品牌,玻璃纤维增强烘焙垫、马卡龙定位烤盘垫、揉面垫,"Heavy Duty Silicone Baking Mats, Macaron Circles Mat",Jason Brooks (Sourcing Manager),sourcing@silbaking.com / support@silbaking.com,直击电商烤垫卷边与掉漆痛点，提供包边加固与耐高温环保油墨丝印工艺，微波烤箱无烟无味
12,硅胶烤盘与烘焙模具,澳大利亚 (AU),BakeGroup Australia,https://www.bakegroup.com,澳洲专业烘焙工具与商业器具大型分销集团,商业级硅胶烘焙垫、多孔硅胶法棍烤盘、硅胶蛋糕模,"Bake-Boutique Silicone Baking Mats, Commercial Perforated Mats",Craig Hynes (General Manager / Sourcing),chynes@bakegroup.com / sales@bakegroup.com,符合澳洲 AS 2070 标准，主打商用耐用型透气烤垫（底部酥脆循环热风），承接大宗海运订单
13,硅胶烤盘与烘焙模具,美国 (USA),Sweet Creations by GoodCook,https://www.goodcook.com/sweet-creations,Bradshaw Home 旗下创意烘焙与节日模具热销品牌,硅胶棒棒糖蛋糕模、节日几何烘焙模具、硅胶防溢垫,"Sweet Creations Cake Pop Silicone Pan, Holiday Silicone Molds",Bradshaw Sourcing Team,support@bradshawhome.com / info@goodcook.com,依托全美商超大渠道，提供全自动化注塑产能与极具竞争力的阶梯式大批量离岸价
14,硅胶烤盘与烘焙模具,英国 (UK),Sweet Sensations UK,https://www.sweetsensations.co.uk,英国独立西点烘焙与创意手工模具精品品牌,法式甜点硅胶模、多孔马卡龙垫、硅胶量勺,Silicone Baking Molds & Premium Pastry Mats,Sarah Bell (Founder & Product Lead),sbell@sweetsensations.co.uk / info@sweetsensations.co.uk,定位中高端家庭烘焙，支持定制莫兰迪纯色与简约环保礼盒包装，7 天快速出样
15,硅胶烤盘与烘焙模具,瑞士 (Switzerland),Betty Bossi (Coop Group),https://www.bettybossi.ch,瑞士家喻户晓的烘焙烹饪器具与生活方式第一品牌,创新硅胶烘焙垫、硅胶卷蛋糕模、多功能烘焙隔热垫,"Betty Bossi Silicone Baking Accessories, Roll-up Mats",Lars Grossenbacher (Head of Product Development),lgrossenbacher@bettybossi.ch / info@bettybossi.ch,瑞士精工级品质标准，严格通过瑞士联邦食品安全局 (FSVO) 检测，提供无缺陷高精密模具支持
16,硅胶冰格与酒吧器具,美国 (USA),Twine Living (True Brands),https://www.twineliving.com,欧美复古田园与精品酒具生活方式品牌,复古大方块硅胶冰格、球形慢融制冰器、硅胶酒杯垫,"Twine Rustic Large Cube Silicone Ice Tray, Sphere Mold",True Brands Sourcing Team,sales@truebrands.com / info@twineliving.com,主打自然复古色调与无味食品级铂金硅胶，提供专属复古牛皮纸盒与麻绳挂牌定制包装
17,硅胶冰格与酒吧器具,美国 (USA),Host Studios (True Brands),https://www.hoststudios.com,创新控温酒具与酒吧制冰配件潮流品牌,冷凝硅胶冰格、大冰球模具、硅胶防滑调酒沥水垫,"Host Freeze Silicone Ice Molds, Cocktail Bar Mats",Justin Kelly (VP Product & Sourcing),jkelly@truebrands.com / support@hoststudios.com,擅长硅胶+冷凝凝胶复合结构模具开发，控温持久，解决威士忌大冰块极速融化稀释口感的痛点
18,硅胶冰格与酒吧器具,美国 (USA),Teroforma (Avanti Group),https://www.teroforma.com,知名威士忌酒具与慢融冰格现代设计品牌,大冰块硅胶冰格、带水线球形硅胶模、硅胶杯垫,Teroforma Whisky Ice Molds with Flexible Silicone Base,Andrew Hellman (Co-Founder & CEO),andrew@teroforma.com / info@teroforma.com,直击脱模困难痛点，升级底部独立弹性按压气囊，单颗冰块一秒推出，杜绝碎冰残渣
19,硅胶冰格与酒吧器具,美国 (USA),Barfly Mixology Gear (Mercer),https://www.barflybymercer.com,全美专业调酒师装备与高端酒吧用具名牌,专业酒吧硅胶大冰格、带盖大方块制冰模、加厚吧垫,Barfly Jumbo Silicone Ice Cube Trays with Lids,Joe Mercer (VP Sourcing & Product Engineering),jmercer@mercerculinary.com / info@barflybymercer.com,专为高频商业酒吧洗碗机清洗设计，采用抗磨损抗老化改性食品硅胶，耐酒精耐果酸腐蚀
20,硅胶冰格与酒吧器具,美国/英国,Cocktail Kingdom,https://www.cocktailkingdom.com,全球鸡尾酒行业殿堂级调酒器具品牌,专业鸡尾酒大冰球模具、蜂窝硅胶冰格、耐磨酒吧垫,Cocktail Kingdom Professional Silicone Ice Sphere Trays,Greg Boehm (Founder & CEO),gboehm@cocktailkingdom.com / info@cocktailkingdom.com,调酒界标杆品牌，对模具表面光洁度与合模线严丝合缝要求极高，提供 CNC 级高精度合模模具
21,硅胶冰格与酒吧器具,英国 (UK),Beaumont TM (Beaumont TM Ltd),https://www.beaumonttm.com,英国最大的酒吧器具与酒饮配件制造商与分销商,商用软硅胶冰格、带盖储冰盒、酒吧防滑服务垫,"Beaumont Silicone Ice Cube Trays, Non-Slip Bar Mats",Nick Robinson (Managing Director / Sourcing),nrobinson@beaumonttm.com / sales@beaumonttm.com,全英各大酒吧连锁与餐饮巨头主供商，拥有海量采购体量，可提供阶梯式低价与英国本土清关对接
22,硅胶冰格与酒吧器具,德国 (Germany),APS Glass & Bar Supply GmbH,https://www.aps-barsupply.de,德国知名专业酒吧玻璃器具与制冰用具进口商,大方块威士忌冰格、立体钻石造型冰球模、硅胶调酒垫,"Silikon Eiswürfelformen, Diamant Ice Ball Maker",Arnd Pickhardt (Managing Director),apickhardt@aps-barsupply.de / info@aps-barsupply.de,符合德国严格 LFGB 与食品安全法案，主打高档钻石切割几何造型冰模，脱模平整如水晶
23,硅胶冰格与酒吧器具,英国 (UK),Urban Bar (Urban Bar Ltd),https://www.urbanbar.com,英国高端手工酒具与精品酒吧配件设计名牌,高端鸡尾酒硅胶大冰球模、六角蜂窝冰格、硅胶滴水盘,"Urban Bar Silicone Ice Sphere Maker, Geometric Ice Trays",Nick Turner (Director & Founder),nturner@urbanbar.com / admin@urbanbar.com,将英伦复古与现代调酒艺术结合，提供暗黑哑光纯色系硅胶定制与激光蚀刻金属盖配套组装
24,硅胶冰格与酒吧器具,美国 (USA),Iceblox (Icebox Enterprises),https://www.iceblox.com,北美垂直威士忌高纯度大冰块硅胶模独立站,加大号加厚大方块硅胶冰格、无气泡定向冷冻冰模,Iceblox 2-Inch Large Silicone Ice Cube Tray with Lid,Mark Stevens (Founder & Sourcing Lead),mstevens@iceblox.com / support@iceblox.com,掌握双层保温与压差排气定向冷冻透明冰（Clear Ice）模具专利，提供低成本开模替代方案
25,硅胶冰格与酒吧器具,美国 (USA),Chillz Ice Molds,https://www.chillzice.com,亚马逊老牌畅销大冰球与威士忌冰格品牌,4连装球形冰格、大方块冰格组合装、迷你冰格,"Chillz Ice Ball Maker Mold, Giant Ice Cube Tray Combo",David Harris (Brand Director & Sourcing),dharris@chillzice.com / support@chillzice.com,针对电商高销量爆款，提供加固外框防端放倾洒设计，交期稳定在 15-20 天，支持 FBA 贴标直发
26,硅胶冰格与酒吧器具,英国/美国,Gentlemen's Hardware,https://www.gentlemenshardware.com,英国高档男士生活方式、户外与礼品酒具品牌,威士忌大冰球硅胶模具、便携野营硅胶制冰盒,"Gentlemen's Hardware Whisky Ice Molds, Camp Silicone Trays",Dan Morris (Sourcing Director),dmorris@gentlemenshardware.com / info@gentlemenshardware.com,主打高档男士礼品市场，提供精装复古礼盒、不锈钢冰夹与硅胶模具组合套装一站式出厂
27,硅胶冰格与酒吧器具,德国 (Germany),Cilio (Frieling Group),https://www.cilio.de,德国知名高端地中海厨房与酒吧生活方式品牌,专业硅胶大冰球制冰盒、带软底硅胶冰格、硅胶隔热垫,"Cilio Eiswürfelform Silikon, Ice Ball Maker",Bernard Frieling (President / Sourcing),bfrieling@frieling.com / info@cilio.de,德系顶级质感，采用无异味高回弹铂金硅胶，耐温 -40℃ 至 220℃，配套全套德语说明彩盒
28,硅胶冰格与酒吧器具,美国 (USA),Viski (Craft Barware Line),https://viski.com,全美知名高端精酿与威士忌调酒器具独立品牌,球形威士忌冰模、棱镜几何硅胶冰格、酒吧硅胶沥水垫,"Viski Admiral Silicone Ice Cube Trays, Ice Sphere Molds",Viski Product & Sourcing Team,info@viski.com / support@viski.com,针对高端调酒师渠道，提供棱角分明的现代几何切面设计，出模平整无溢胶，支持低起订量定制
29,硅胶冰格与酒吧器具,加拿大 (Canada),Final Touch (Bar Accessories Line),https://www.alwaysfinaltouch.com,加拿大专业威士忌配件与创意制冰模具品牌,岩石冰酒杯+硅胶冰球模套装、大脑造型硅胶冰格,Final Touch On The Rocks Silicone Ice Ball & Glass Set,Raymond Gonsalves (President & Sourcing),rgonsalves@alwaysfinaltouch.com / info@alwaysfinaltouch.com,擅长硅胶模具与高硼硅玻璃/不锈钢底座精密组装出货，提供 100% 外观全检
30,硅胶冰格与酒吧器具,澳大利亚 (AU),Davis & Waddell (Albi Group),https://www.davisandwaddell.com.au,澳大利亚领先的厨房与酒吧生活方式品牌集团,创意硅胶冰格、大方块威士忌冰模、厨房硅胶垫,"Davis & Waddell Silicone Ice Trays, Non-Stick Baking Mats",Brett Waddell (Director / Sourcing),bwaddell@albi.com.au / sales@albi.com.au,澳洲大型零售百货（David Jones / Myer）主供商，产品线覆盖冰格与烘焙用具，采购体量稳定
