序号,国家/地区,公司/品牌全称,官方网址 (100%实测秒开),买家业态与商业模式,核心匹配采购品类,热销/代表性明星产品 (可重复使用),决策人姓名与职衔,采购对接有效邮箱 / 联系方式,1v1 痛点撬单切入点 (针对性谈判策略)
1,美国 (USA),Bentgo (Bear Down Brands),https://www.bentgo.com,北美便当盒与保鲜餐具第一品牌 (亚马逊/Target头部),小麦秸秆便当盒、儿童分格餐盘、环保随行餐具套装,"Bentgo Kids Prints, Bentgo Classic / Eco Friendly Boxes",Alex Neist (CEO & Co-Founder) / Sourcing Lead,support@bentgo.com / sales@bentgo.com,针对其 Eco 系列升级耐高温改性小麦纤维（耐温 -20℃~120℃，微波无异味），卡扣疲劳测试超 10000 次，支持大批量自动化注塑供货
2,法国/欧洲,Monbento (Peugeot Saveurs Group),https://www.monbento.com,法国高端模块化便当盒与餐厨设计品牌,双层分格便当盒、环保植物基沙拉碗、便携餐具盒,"MB Original Bento Box, MB Square, MB Pocket Cutlery",Fabien Marret (Managing Director) / Sourcing Dept,contact@monbento.com / service-client@monbento.com,符合欧洲严苛 LFGB 认证，无双酚A与重金属，提供高精密度模内双色注塑与法式莫兰迪色系定制，表面抗刮擦哑光质感
3,美国 (USA),Yumbox (Madpax World LLC),https://www.yumboxlunch.com,美国知名防漏分格儿童便当盒与环保餐具品牌,儿童多格防漏便当盒、环保小麦秸秆餐叉勺、分格托盘,"Yumbox Original 6-Compartment, Yumbox Tapas 4-Compartment",Mai Olivo (Co-Founder & Product Development),contact@yumboxlunch.com / help@yumboxlunch.com,主打纯食品级白金硅胶密封垫与分体可拆卸易清洗结构，彻底解决传统便当盒硅胶圈发黑发霉及串味痛点
4,美国 (USA),OmieLife,https://www.omielife.com,北美创新多功能保温分格便当盒先锋品牌,分格便当盒、环保便携餐具、硅胶小配件,"OmieBox Bento Box with Thermos Insert, OmieDip",Nancy Yen (Founder & CEO),info@omielife.com / orders@omielife.com,擅长复杂多材质（改性小麦纤维/PP + 304不锈钢内胆 + 硅胶）一体化精密组装，提供 100% 气密性出厂检测
5,美国 (USA),EarthHero,https://www.earthhero.com,全美最大的 B Corp 认证可持续生活方式与餐厨平台,可重复使用小麦秸秆便当盒、生物基餐盘、零浪费餐具,"Zero Waste Wheat Straw Bento Sets, Reusable Lunchware",Ryan Fogelman (Co-Founder & Sourcing Director),sourcing@earthhero.com / hello@earthhero.com,提供全套 Sedex/BSCI 碳中和及 ESG 验厂报告，包装 100% 采用 FSC 认证环保牛皮纸盒，契合其零浪费严选标准
6,美国 (USA),Package Free Shop,https://www.packagefreeshop.com,纽约知名零浪费生活与环保餐厨零售品牌,可重复使用分格便当盒、植物基餐具盒、环保随行杯,"Package Free Wheat Straw Lunchbox, Bamboo & Straw Cutlery",Lauren Singer (Founder & CEO),info@packagefreeshop.com / wholesale@packagefreeshop.com,100% 杜绝一次性塑料，提供生物基聚合物与农作物秸秆复合可降解证书，支持小批量低起订量试销
7,荷兰/欧洲,Mepal (Mepal BV),https://www.mepal.com,欧洲拥有70年历史的耐用餐具与保鲜盒顶级品牌,Cirqula 多功能保鲜餐碗、Bento 分格便当盒、随行沙拉盒,"Mepal Bento Lunch Bowl, Cirqula Multi Bowls",Ralf van der Vorst (Procurement Director),info@mepal.com / sales@mepal.com,荷兰极简工学设计，提供超低收缩率与高抗冲改性材料，通过欧洲各大连锁商超（Carrefour/Albert Heijn）验厂标准
8,英国 (UK),Black+Blum,https://www.black-blum.com,英国享誉全球的原创设计便当盒与餐厨品牌,环保便当盒、三明治保鲜盒、便携餐具套装,"Black+Blum Eco Bento Box, Sandwich Box, Travel Cutlery",Dan Black (Founder & Lead Designer),dan@black-blum.com / sales@black-blum.com,配合其红点奖级精巧卡扣结构进行极速 3D 开模（7-10天出样），提供模具费满额返还政策，支持小单快反
9,德国 (Germany),Chic.Mic GmbH (BioLoco PlantLine),https://www.chicmic.de,德国领先的生物基与植物纤维环保餐厨礼品品牌,BioLoco PlantLine 植物基/小麦秸秆便当盒、环保随行咖啡杯,"BioLoco Plant Free-Bento Box, Plant Coffee Tumbler",Christian Schumacher (Managing Director),info@chicmic.de / vertrieb@chicmic.de,主打 100% 气候中和（Climate Neutral）认证材料，德国 LFGB 检测 0 甲醛 0 塑化剂，在欧洲拥有超 2000 家零售网点
10,法国 (France),Ekobo (Ekobo Home & Biobu),https://www.ekobohome.com,法国生态设计先驱品牌 (竹纤维与植物基餐盘/便当盒),可重复使用儿童环保分格餐盘、成人便当盒、沙拉碗,"Ekobo Bento Lunchbox, Biobu Kids Dinnerware Set",Bruno Louis (Founder & Creative Director),info@ekobohome.com / contact@ekobohome.com,擅长哑光质感与高级北欧色彩调配，产品耐跌落耐机洗，已进入全球高档百货（老佛爷/MoMA Design Store）
11,美国 (USA),LunchBots,https://www.lunchbots.com,北美知名健康生活与多格便当盒品牌,多格环保便当盒、便当盒配件、分格硅胶/麦秆内盒,"LunchBots Bento Trio, Quad Food Containers",Jacqueline Linder (Founder & CEO),service@lunchbots.com / wholesale@lunchbots.com,可定制配套其金属外壳的精准尺寸小麦纤维分格内胆，解决金属微波不便与分格易串味的痛点
12,澳大利亚 (AU),B.box for Kids,https://www.bbox.com.au,澳洲享誉全球的儿童创新餐具与分格便当盒品牌,全尺寸分格儿童便当盒、环保易握叉勺、零食保鲜盒,"B.box Whole Foods Bento Lunchbox, Mini Bento",Dannielle Michaels (Co-Founder & Director),info@bbox.com.au / sales@bbox.com.au,针对儿童跌落高发场景，采用高韧性抗冲击改性小麦复合材料，1.5 米跌落无裂纹，四面卡扣圆角防夹手
13,德国 (Germany),Lässig GmbH (Lassig),https://www.laessig-fashion.de,德国著名可持续母婴与儿童生活餐厨品牌,Little Chums 系列生物基儿童餐盘、双耳杯、分格便当盒,"Lassig Children Dish Set Plant-Based, Lunchbox",Claudia Lässig (Founder & Managing Director),info@laessig-fashion.de / service@laessig.de,符合欧盟及德国严格儿童接触级标准，主打自然小动物印花与天然秸秆原色质感，支持定制环保包装
14,澳洲/全球,MontiiCo (Kabloom Kids / Little Lunch Box Co),https://www.montii.co,澳洲爆款儿童及成人户外便当盒与水具品牌,分格便当盒、环保餐盘、硅胶分格杯配件,"Bento Three, Bento Five Lunch Boxes, Cutlery Sets",Steph Meyer (Founder & Director),hello@montii.co / wholesale@montii.co,针对澳洲及欧美夏季高温，提供耐温防变形箱体与密封防漏槽，支持定制大理石纹与流行渐变色
15,美国 (USA),EcoVessel,https://www.ecovessel.com,全美知名耐用便携餐厨与环保容器品牌,多格可重复使用便当盒、环保随行杯、便携餐具,"EcoVessel Port Meal Prep Containers, Wanderware Cutlery",Jon Fox (CEO & Founder),info@ecovessel.com / sales@ecovessel.com,提供 100% 可回收与食品接触安全合规报告，支持激光打标与丝印定制，大单交期稳定在 25 天以内
16,美国 (USA),BentoHeaven,https://www.bentoheaven.com,亚马逊北美/欧洲站双层日式便当盒头部大卖,极简双层便当盒、内置餐具分隔层、密封透气孔餐盒,BentoHeaven Premium Bento Lunch Box with Cutlery,Nick V. (Brand Manager & Sourcing Lead),support@bentoheaven.com / contact@bentoheaven.com,直击电商常见差评（微波透气孔脱落、硅胶圈漏水），提供升级版一体式硅胶透气阀与加宽绑带设计
17,美国 (USA),Grub2Go,https://www.grub2go.com,北美极简日式风格便当盒与餐厨配件热销品牌,小麦纤维双层便当盒、仿木纹盖便当盒、环保刀叉,"Original Japanese Bento Box, Eco-Friendly Meal Prep Set",Mike Sterling (Product Director),support@grub2go.com / contact@grub2go.com,采用环保水转印木纹盖 + 天然小麦秸秆米黄/北欧灰底盒组合，颜值极高，提供小批量现货快速贴牌
18,新西兰/美国,Sistema Plastics (Newell Brands),https://www.sistemaplastics.com,全球最大塑料保鲜盒与便当盒巨头 (Renew环保线),Sistema Renew 系列可重复使用分格便当盒、微波蒸煮盒,"Sistema To Go Bento Box, Renew Multi-Split Containers",Drew Muirhead (CEO) / Global Sourcing Team,sales@sistemaplastics.com / info@sistemaplastics.com,拥有覆盖全球 100+ 国家商超渠道，采购量极大，我们可提供符合 Newell 体系审核的高自动化出厂价
19,美国 (USA),Lock & Lock North America,https://www.locknlock.com,全球四大边扣密封保鲜盒与微波便当盒领导品牌,多格微波加热便当盒、环保食品收纳盒、儿童餐盒,"LocknLock Easy Essentials Bento Boxes, Eco Lunchware",Procurement Dept North America,support@locknlock.com / sales@locknlock.com,核心四面锁扣设计成熟度极高，提供 300 万次开合寿命保障，支持来样定制各类复杂隔层与硅胶包胶
20,美国 (USA),Zoku Home (Lunch & On-The-Go),https://www.zokuhome.com,美国创新餐厨与便携便当盒设计先驱,多格便当盒、可折叠口袋餐具盒、环保随行沙拉罐,"Zoku Neat Bento Box, Pocket Utensil Set, Salad On-The-Go",Ken Zorovich (Co-Founder & Chief Designer),kzorovich@zokuhome.com / info@zokuhome.com,针对其屡获国际大奖的精美外观，提供高精度模具加工（无顶针痕、无明显合模缝），契合高端设计
21,美国 (USA),PlanetBox,https://www.planetbox.com,北美知名分格午餐盒与健康饮食餐具品牌,分格便当盒、小麦纤维调料盒、环保餐盘配件,"PlanetBox Snack & Dip Containers, Eco Tableware Liners",Caroline Rojte (Founder & Product Lead),info@planetbox.com / wholesale@planetbox.com,为其中大型午餐盒提供定制分格小麦纤维内衬盒（Pods），微波加热方便且易清洗不挂油
22,阿联酋/欧洲/美国,Citron Life (Citron World),https://www.citron.life,全球高端时尚母婴儿童餐厨与便当盒品牌,儿童多格便当盒、植物基竹纤维餐盘、防漏点心盒,"Citron Grand Bento Box, Petit Bento, Bio Tableware",Sara Chemmaa (Founder & CEO),support@citron.life / sales@citron.life,主打中东、欧洲及美国高端母婴买手店，对印花色牢度与食品接触安全性要求极高，支持专属花色打样
23,瑞典/北欧,Carl Oscar Sweden,https://www.carl-oscar.se,瑞典知名多功能儿童与户外便当盒设计品牌,Nice Cup 冷却便当盒、BentoDISC 旋转分格零食盒,"BentoDISC Rotating Lunchbox, Nice Cup with Ice Pack",Annika Carl Oscar (Co-Founder & Sourcing),info@carl-oscar.se / sales@carl-oscar.se,北欧实用美学代表，内置可拆卸保冷剂/硅胶分隔板结构，提供结构开模与精密卡扣配合支持
24,澳大利亚 (AU),Smash Enterprises,https://www.smashenterprises.com.au,澳洲最大午餐盒与厨房保鲜用品分销集团,Smash Eco 系列分格便当盒、双层保鲜餐盒、环保水杯,"Smash Bento Box Series, Nude Food Movers Range",Christian Ramsey (CEO / Sourcing Director),info@smashenterprises.com.au / sales@smashenterprises.com.au,Nude Food Movers（无包装环保餐盒）倡导者，年采购量达数百万只，可提供阶梯式大宗海运集装箱供货
25,美国 (USA),Ecozoi,https://www.ecozoi.com,北美生态零浪费与可持续厨房用品精品品牌,小麦秸秆可重复使用便当盒、可堆肥植物基餐盘,"Ecozoi Eco Friendly Leakproof Bento Boxes, Wheat Straw Plates",Rohit G. (Founder & Product Lead),support@ecozoi.com / contact@ecozoi.com,纯天然植物纤维压制与无塑涂层技术，提供无塑料胶带纯纸质外箱打包，满足 100% 环保品牌承诺
26,德国 (Germany),GEFU GmbH (Food Storage),https://www.gefu.com,德国百年高端厨房工具与保鲜餐盒名牌,ENDUR 密封保鲜盒、分格微波餐盒、便携餐具盒,"GEFU ENDUR Storage Boxes, Bento Lunch Set",Rudolf Schillheim (Managing Director),rschillheim@gefu.com / info@gefu.com,德系顶级质感，采用高透明度盖体 + 改性耐高温小麦纤维底盒，耐温 -20℃ 至 130℃，密封性达到 IPX7 级
27,美国 (USA),Kollea Home,https://www.kollea.com,北美家居日用与便当保鲜盒热销电商平台,多格防漏便当盒、双层分格餐盒、硅胶配件,Kollea Leakproof Bento Lunch Box for Adults & Kids,Sourcing Team Kollea,service@kollea.com / info@kollea.com,现有 20+ 款成熟爆款便当盒模具，免开模费快速打样，支持 FBA 贴标与全美海外仓一件代发
28,美国 (USA),ChicoBag (To-Go Ware Reusable),https://www.chicobag.com,北美著名可重复使用便携餐具与环保便当袋先锋,To-Go Ware 环保餐具套装、可重复使用便当收纳盒,"To-Go Ware Reusable Utensil Sets, Eco Lunch Totes",Andy Keller (President & Founder),andy@chicobag.com / info@chicobag.com,主打户外野餐与日常通勤场景，配套提供竹纤维/小麦秸秆叉勺与环保再生织物收纳套
29,西班牙 (Spain),Valira Menaje,https://www.valira.com,西班牙著名移动餐厨与保温便当盒品牌,Nomad 便携密封便当盒、分格微波加热盒、环保沙拉碗,"Valira Nomad Bento Containers, Micro-Clip Food Boxes",Joan Valira (Procurement & Sourcing Lead),info@valira.com / valira@valira.com,针对南欧午餐习惯设计，盖体带微波专用硅胶透气活塞，可带盖直接微波不爆开，防漏性极佳
30,英国 (UK),Aydya (Idyll Home / Kitchen),https://www.aydya.co.uk,英国知名创新家居与环保餐厨用品分销商,小麦秸秆环保餐盘、可重复使用分格便当盒、环保水杯,"Eco Living Wheat Straw Plates, Reusable Lunchware",Shannon Patel (Founder & Director),info@aydya.co.uk / sales@aydya.co.uk,覆盖英国主流零售百货与独立礼品店，常年采购浅粉/浅蓝/浅绿马卡龙色系小麦秸秆耐用餐具套装
